model,model_short,data_freq,horizon,n_features,Train_Size,Test_Size,Train_Start,Train_End,Test_Start,Test_End,R2_InSample,MSE_InSample,RMSE_InSample,MAE_InSample,MAPE_InSample,DirAcc_InSample,R2_OutSample,MSE_OutSample,RMSE_OutSample,MAE_OutSample,MAPE_OutSample,Correlation_OutSample,DirAcc_OutSample,features,coefficients,intercept,target_col
10min_HAR-RV,HAR-RV,10min,1d,3,829,208,2021-08-19,2025-01-09,2025-01-10,2025-11-14,0.22888145025260842,7.307826100450404e-05,0.008548582397362971,0.00566482796295905,23.218000924707464,0.46618357487922707,0.29714387994909797,0.00010349855903092713,0.010173424154675117,0.006493801857873126,23.117579693487713,0.46224826536039987,0.46859903381642515,"['RV_d', 'RV_w', 'RV_m']","{'RV_d': 0.16026881049365815, 'RV_w': 0.27364101782976863, 'RV_m': 0.30631227720345483}",-0.9724649972722155,y_1d
10min_HAR-RBV,HAR-RBV,10min,1d,3,829,208,2021-08-19,2025-01-09,2025-01-10,2025-11-14,0.22417733144390228,7.364161782143563e-05,0.008581469444182368,0.005718855543037358,23.395169545705592,0.48429951690821255,0.3044857064036103,0.00010199250862544276,0.010099134053246485,0.006501812540746653,23.130454891039093,0.47281352165559737,0.45893719806763283,"['RBV_d', 'RBV_w', 'RBV_m']","{'RBV_d': 0.16049188474436063, 'RBV_w': 0.29842487135673246, 'RBV_m': 0.27745112332150823}",-0.939719189574054,y_1d
10min_HAR-TRBV,HAR-TRBV,10min,1d,3,829,208,2021-08-19,2025-01-09,2025-01-10,2025-11-14,0.22417733144390228,7.364161782143563e-05,0.008581469444182368,0.005718855543037358,23.395169545705592,0.48429951690821255,0.3044857064036103,0.00010199250862544276,0.010099134053246485,0.006501812540746653,23.130454891039093,0.47281352165559737,0.45893719806763283,"['TRBV_d', 'TRBV_w', 'TRBV_m']","{'TRBV_d': 0.16049188474436063, 'TRBV_w': 0.29842487135673246, 'TRBV_m': 0.27745112332150823}",-0.939719189574054,y_1d
10min_HAR-CJ-RBV,HAR-CJ-RBV,10min,1d,5,829,208,2021-08-19,2025-01-09,2025-01-10,2025-11-14,0.23206112790546696,7.260824841172415e-05,0.008521047377624663,0.00564572366226486,23.143239994383297,0.46256038647342995,0.2872076969699223,0.00010442297343503496,0.010218755963180398,0.00652047169972873,23.114361314673314,0.45625214721000573,0.4830917874396135,"['C_RBV_d', 'C_RBV_w', 'C_RBV_m', 'J_RBV_d', 'J_RBV_w']","{'C_RBV_d': 0.1553193339102006, 'C_RBV_w': 0.21651319700987154, 'C_RBV_m': 0.2951228868297775, 'J_RBV_d': 1.6820374546596717, 'J_RBV_w': 7.166202355930388}",-1.2692349902197146,y_1d
10min_HAR-TCJ-RBV,HAR-TCJ-RBV,10min,1d,5,829,208,2021-08-19,2025-01-09,2025-01-10,2025-11-14,0.23206112790546696,7.260824841172415e-05,0.008521047377624663,0.00564572366226486,23.143239994383297,0.46256038647342995,0.2872076969699223,0.00010442297343503496,0.010218755963180398,0.00652047169972873,23.114361314673314,0.45625214721000573,0.4830917874396135,"['C_TRBV_d', 'C_TRBV_w', 'C_TRBV_m', 'J_TRBV_d', 'J_TRBV_w']","{'C_TRBV_d': 0.1553193339102006, 'C_TRBV_w': 0.21651319700987154, 'C_TRBV_m': 0.2951228868297775, 'J_TRBV_d': 1.6820374546596717, 'J_TRBV_w': 7.166202355930388}",-1.2692349902197146,y_1d
10min_HAR-RV-IV,HAR-RV-IV,10min,1d,4,829,208,2021-08-19,2025-01-09,2025-01-10,2025-11-14,0.24467344051716533,7.187687434411188e-05,0.008478023020970862,0.005607451415986977,22.944990629100396,0.48792270531400966,0.3131707612947202,0.00010114654746508888,0.010057163987182911,0.006423912393816052,23.021758510532564,0.4829269997038074,0.4492753623188406,"['RV_d', 'RV_w', 'RV_m', 'IV_d']","{'RV_d': 0.14160116521479035, 'RV_w': 0.23298339621192354, 'RV_m': 0.2175223786774891, 'IV_d': 0.16548054932585005}",-1.3990846645246129,y_1d
10min_HAR-RBV-IV,HAR-RBV-IV,10min,1d,4,829,208,2021-08-19,2025-01-09,2025-01-10,2025-11-14,0.2413397092619236,7.227383507048516e-05,0.008501401947354634,0.005640817581255296,23.04696290580768,0.48429951690821255,0.3218090364602806,9.968865776250336e-05,0.0099844207524775,0.006428821154490603,23.033468883019957,0.49246307937106454,0.4492753623188406,"['RBV_d', 'RBV_w', 'RBV_m', 'IV_d']","{'RBV_d': 0.1408668840252812, 'RBV_w': 0.2534998362230702, 'RBV_m': 0.18638485906156, 'IV_d': 0.1721774960775334}",-1.39926504412571,y_1d
10min_HAR-RV-IV-Full,HAR-RV-IV-Full,10min,1d,6,829,208,2021-08-19,2025-01-09,2025-01-10,2025-11-14,0.24507083475703306,7.18838523943266e-05,0.008478434548566532,0.005609549738692405,22.950833036212252,0.4891304347826087,0.3142022525284698,0.00010111350361699311,0.010055521051491718,0.006426137992213158,23.038157337009533,0.4833326591652446,0.46859903381642515,"['RV_d', 'RV_w', 'RV_m', 'IV_d', 'IV_w', 'IV_m']","{'RV_d': 0.14460246225854828, 'RV_w': 0.22216839092603724, 'RV_m': 0.2169543267219325, 'IV_d': 0.12213314894170277, 'IV_w': 0.07045586021465977, 'IV_m': -0.01898529041252367}",-1.4241935436407234,y_1d
10min_HAR-RBV-IV-Full,HAR-RBV-IV-Full,10min,1d,6,829,208,2021-08-19,2025-01-09,2025-01-10,2025-11-14,0.24186400259398044,7.226370029320347e-05,0.008500805861399462,0.005638772274592019,23.035647748551806,0.47705314009661837,0.32216095637149134,9.973634383663219e-05,0.009986808491036172,0.00643512798698943,23.069814034607774,0.492307388748936,0.45893719806763283,"['RBV_d', 'RBV_w', 'RBV_m', 'IV_d', 'IV_w', 'IV_m']","{'RBV_d': 0.1448561638828413, 'RBV_w': 0.2414900925297931, 'RBV_m': 0.18164100004733608, 'IV_d': 0.12110467405210887, 'IV_w': 0.07667032142609911, 'IV_m': -0.013184217887461616}",-1.438297875532486,y_1d
10min_HAR-CJ-RBV-IV,HAR-CJ-RBV-IV,10min,1d,6,829,208,2021-08-19,2025-01-09,2025-01-10,2025-11-14,0.24761681516359657,7.142382936720352e-05,0.008451261998494872,0.005587205884905676,22.873497710220708,0.4867149758454106,0.3049496964376094,0.00010204319320022,0.010101643094082268,0.006440747233696087,22.99350994478246,0.47561246058837775,0.463768115942029,"['C_RBV_d', 'C_RBV_w', 'C_RBV_m', 'J_RBV_d', 'J_RBV_w', 'IV_d']","{'C_RBV_d': 0.13664128675919338, 'C_RBV_w': 0.18366199186630883, 'C_RBV_m': 0.20617805636042127, 'J_RBV_d': 1.6287330632635155, 'J_RBV_w': 6.193803322307999, 'IV_d': 0.16441336311195837}",-1.6695587840339163,y_1d
10min_HAR-RV,HAR-RV,10min,5d,3,829,208,2021-08-19,2025-01-09,2025-01-10,2025-11-14,0.3368201142850584,2.8765929075215043e-05,0.0053633878356142625,0.0038961236943964228,15.917830981120733,0.47342995169082125,0.37759513508557097,4.5419052731835994e-05,0.006739365899833307,0.004468230942087989,16.63326992225675,0.5184472758734493,0.41545893719806765,"['RV_d', 'RV_w', 'RV_m']","{'RV_d': 0.10023304786714134, 'RV_w': 0.258699654934659, 'RV_m': 0.3103196596748675}",-1.2372466359621126,y_5d
10min_HAR-RBV,HAR-RBV,10min,5d,3,829,208,2021-08-19,2025-01-09,2025-01-10,2025-11-14,0.3267309422369934,2.9249105243852208e-05,0.005408244192328247,0.003942314408175996,16.092800722877367,0.46980676328502413,0.39461347387583734,4.4207316219475916e-05,0.006648858264354559,0.004456688743142584,16.586042317068433,0.5373376786446376,0.4492753623188406,"['RBV_d', 'RBV_w', 'RBV_m']","{'RBV_d': 0.09524166900351193, 'RBV_w': 0.29041147987996613, 'RBV_m': 0.2770335853572271}",-1.2195036853261878,y_5d
10min_HAR-TRBV,HAR-TRBV,10min,5d,3,829,208,2021-08-19,2025-01-09,2025-01-10,2025-11-14,0.3267309422369934,2.9249105243852208e-05,0.005408244192328247,0.003942314408175996,16.092800722877367,0.46980676328502413,0.39461347387583734,4.4207316219475916e-05,0.006648858264354559,0.004456688743142584,16.586042317068433,0.5373376786446376,0.4492753623188406,"['TRBV_d', 'TRBV_w', 'TRBV_m']","{'TRBV_d': 0.09524166900351193, 'TRBV_w': 0.29041147987996613, 'TRBV_m': 0.2770335853572271}",-1.2195036853261878,y_5d
10min_HAR-CJ-RBV,HAR-CJ-RBV,10min,5d,5,829,208,2021-08-19,2025-01-09,2025-01-10,2025-11-14,0.33496166319814535,2.8759730568508518e-05,0.005362809950810165,0.0038884007296494066,15.909923293742045,0.46980676328502413,0.37255935877194335,4.589310312441349e-05,0.006774444857286351,0.004508341583116728,16.708279921008735,0.5141863086664324,0.4492753623188406,"['C_RBV_d', 'C_RBV_w', 'C_RBV_m', 'J_RBV_d', 'J_RBV_w']","{'C_RBV_d': 0.09086425065763035, 'C_RBV_w': 0.2311729424537955, 'C_RBV_m': 0.2900169463912149, 'J_RBV_d': 1.3866137743615532, 'J_RBV_w': 5.078817197284971}",-1.4599466048485952,y_5d
10min_HAR-TCJ-RBV,HAR-TCJ-RBV,10min,5d,5,829,208,2021-08-19,2025-01-09,2025-01-10,2025-11-14,0.33496166319814535,2.8759730568508518e-05,0.005362809950810165,0.0038884007296494066,15.909923293742045,0.46980676328502413,0.37255935877194335,4.589310312441349e-05,0.006774444857286351,0.004508341583116728,16.708279921008735,0.5141863086664324,0.4492753623188406,"['C_TRBV_d', 'C_TRBV_w', 'C_TRBV_m', 'J_TRBV_d', 'J_TRBV_w']","{'C_TRBV_d': 0.09086425065763035, 'C_TRBV_w': 0.2311729424537955, 'C_TRBV_m': 0.2900169463912149, 'J_TRBV_d': 1.3866137743615532, 'J_TRBV_w': 5.078817197284971}",-1.4599466048485952,y_5d
10min_HAR-RV-IV,HAR-RV-IV,10min,5d,4,829,208,2021-08-19,2025-01-09,2025-01-10,2025-11-14,0.37387920370029093,2.7345809167948625e-05,0.005229322056246739,0.003804904398518548,15.533404220953933,0.47342995169082125,0.4113953128239767,4.31463812374809e-05,0.0065685905061497706,0.004397732696479224,16.507541778706596,0.5519962999676946,0.42028985507246375,"['RV_d', 'RV_w', 'RV_m', 'IV_d']","{'RV_d': 0.07944498781546351, 'RV_w': 0.213423827848586, 'RV_m': 0.21144432135731217, 'IV_d': 0.1842771032651136}",-1.7123250472767495,y_5d
10min_HAR-RBV-IV,HAR-RBV-IV,10min,5d,4,829,208,2021-08-19,2025-01-09,2025-01-10,2025-11-14,0.3670882512632716,2.7653842304639954e-05,0.0052586920716695285,0.0038413478203100063,15.675560150352776,0.45893719806763283,0.42861436463667724,4.203749479645387e-05,0.006483632839423734,0.004377049586661342,16.4187167641905,0.5676694504406222,0.42995169082125606,"['RBV_d', 'RBV_w', 'RBV_m', 'IV_d']","{'RBV_d': 0.07336518431316849, 'RBV_w': 0.2403324068963298, 'RBV_m': 0.1755197171843361, 'IV_d': 0.19193060988272398}",-1.7317710730076716,y_5d
10min_HAR-RV-IV-Full,HAR-RV-IV-Full,10min,5d,6,829,208,2021-08-19,2025-01-09,2025-01-10,2025-11-14,0.38021833685179784,2.7278610980327348e-05,0.005222892970407047,0.003788399615648561,15.432013483398407,0.4553140096618358,0.4114678451952404,4.309672149150402e-05,0.006564809326363106,0.004401088363659788,16.56182809032365,0.5525551412119449,0.4251207729468599,"['RV_d', 'RV_w', 'RV_m', 'IV_d', 'IV_w', 'IV_m']","{'RV_d': 0.08801769157349014, 'RV_w': 0.18072175303310917, 'RV_m': 0.2144717655252511, 'IV_d': 0.060063330354859154, 'IV_w': 0.2081213247116801, 'IV_m': -0.06359774531804269}",-1.7756417991457925,y_5d
10min_HAR-RBV-IV-Full,HAR-RBV-IV-Full,10min,5d,6,829,208,2021-08-19,2025-01-09,2025-01-10,2025-11-14,0.3737821820312941,2.7560226824120542e-05,0.0052497835025951825,0.003808376312652842,15.507704707215888,0.45893719806763283,0.4269502226443185,4.2054023884164016e-05,0.006484907392103916,0.004381858871246641,16.494635367798736,0.5675679378510288,0.43478260869565216,"['RBV_d', 'RBV_w', 'RBV_m', 'IV_d', 'IV_w', 'IV_m']","{'RBV_d': 0.08357181022873796, 'RBV_w': 0.2064526437768343, 'RBV_m': 0.1722472133056263, 'IV_d': 0.061182830369233304, 'IV_w': 0.2080477553404093, 'IV_m': -0.05119386283210946}",-1.8142399483624914,y_5d
10min_HAR-CJ-RBV-IV,HAR-CJ-RBV-IV,10min,5d,6,829,208,2021-08-19,2025-01-09,2025-01-10,2025-11-14,0.37288924789823386,2.7300601017609795e-05,0.0052249977050339265,0.003793369978136211,15.508194978592819,0.46859903381642515,0.4075784742675159,4.3619694434864115e-05,0.006604520757395204,0.004425350237016892,16.53622947524349,0.5451428680708096,0.4251207729468599,"['C_RBV_d', 'C_RBV_w', 'C_RBV_m', 'J_RBV_d', 'J_RBV_w', 'IV_d']","{'C_RBV_d': 0.06966307501938858, 'C_RBV_w': 0.19388402437013957, 'C_RBV_m': 0.18905698212681643, 'J_RBV_d': 1.3261087464460106, 'J_RBV_w': 3.975061406563938, 'IV_d': 0.18662318177211878}",-1.9143482345374028,y_5d
10min_HAR-RV,HAR-RV,10min,22d,3,829,208,2021-08-19,2025-01-09,2025-01-10,2025-11-14,0.349151699970799,1.5843575486964612e-05,0.003980398910532035,0.002965558597415753,12.30857250867532,0.4335748792270531,0.2862185631609857,2.2922136769176644e-05,0.004787706838265752,0.0038910202024071017,16.1888646383673,0.5131812118313743,0.463768115942029,"['RV_d', 'RV_w', 'RV_m']","{'RV_d': 0.059943703330578774, 'RV_w': 0.14194586280698585, 'RV_m': 0.3576665386166759}",-1.6483599776334525,y_22d
10min_HAR-RBV,HAR-RBV,10min,22d,3,829,208,2021-08-19,2025-01-09,2025-01-10,2025-11-14,0.3264474480751509,1.643313653670401e-05,0.004053780523992883,0.0030094738814053167,12.486447713268307,0.45169082125603865,0.27296229562591456,2.348544124982223e-05,0.004846178004347573,0.0039167575504238505,16.23717448834653,0.5016473539694039,0.48792270531400966,"['RBV_d', 'RBV_w', 'RBV_m']","{'RBV_d': 0.056897765216825914, 'RBV_w': 0.14802563279725345, 'RBV_m': 0.34402716205607076}",-1.653109306937342,y_22d
10min_HAR-TRBV,HAR-TRBV,10min,22d,3,829,208,2021-08-19,2025-01-09,2025-01-10,2025-11-14,0.3264474480751509,1.643313653670401e-05,0.004053780523992883,0.0030094738814053167,12.486447713268307,0.45169082125603865,0.27296229562591456,2.348544124982223e-05,0.004846178004347573,0.0039167575504238505,16.23717448834653,0.5016473539694039,0.48792270531400966,"['TRBV_d', 'TRBV_w', 'TRBV_m']","{'TRBV_d': 0.056897765216825914, 'TRBV_w': 0.14802563279725345, 'TRBV_m': 0.34402716205607076}",-1.653109306937342,y_22d
10min_HAR-CJ-RBV,HAR-CJ-RBV,10min,22d,5,829,208,2021-08-19,2025-01-09,2025-01-10,2025-11-14,0.34151222065777087,1.606343658948524e-05,0.0040079217294609485,0.0029809422152012096,12.367826250717158,0.43719806763285024,0.23286312093901973,2.493917163010973e-05,0.004993913458412123,0.004049014335502307,16.74702835462732,0.4608619972560563,0.46859903381642515,"['C_RBV_d', 'C_RBV_w', 'C_RBV_m', 'J_RBV_d', 'J_RBV_w']","{'C_RBV_d': 0.05544544369443549, 'C_RBV_w': 0.0768967084807955, 'C_RBV_m': 0.3584028355985025, 'J_RBV_d': 0.6482383140339026, 'J_RBV_w': 6.71831503967084}",-1.9290456728257888,y_22d
10min_HAR-TCJ-RBV,HAR-TCJ-RBV,10min,22d,5,829,208,2021-08-19,2025-01-09,2025-01-10,2025-11-14,0.34151222065777087,1.606343658948524e-05,0.0040079217294609485,0.0029809422152012096,12.367826250717158,0.43719806763285024,0.23286312093901973,2.493917163010973e-05,0.004993913458412123,0.004049014335502307,16.74702835462732,0.4608619972560563,0.46859903381642515,"['C_TRBV_d', 'C_TRBV_w', 'C_TRBV_m', 'J_TRBV_d', 'J_TRBV_w']","{'C_TRBV_d': 0.05544544369443549, 'C_TRBV_w': 0.0768967084807955, 'C_TRBV_m': 0.3584028355985025, 'J_TRBV_d': 0.6482383140339026, 'J_TRBV_w': 6.71831503967084}",-1.9290456728257888,y_22d
10min_HAR-RV-IV,HAR-RV-IV,10min,22d,4,829,208,2021-08-19,2025-01-09,2025-01-10,2025-11-14,0.40413628775062604,1.4386612437908856e-05,0.0037929688158365943,0.0027997221711707487,11.613582599997416,0.45652173913043476,0.3286011136851308,2.124921265930916e-05,0.0046096868287671304,0.0038799267229313447,16.368234158415216,0.5550069131334677,0.4396135265700483,"['RV_d', 'RV_w', 'RV_m', 'IV_d']","{'RV_d': 0.04000887520518552, 'RV_w': 0.09852835155523065, 'RV_m': 0.26284947197839315, 'IV_d': 0.17671357365252846}",-2.10393911547021,y_22d
10min_HAR-RBV-IV,HAR-RBV-IV,10min,22d,4,829,208,2021-08-19,2025-01-09,2025-01-10,2025-11-14,0.38876791071940664,1.4773001153624917e-05,0.0038435662025812587,0.0028255447362423042,11.71728017078283,0.4492753623188406,0.323769778324815,2.150628821307634e-05,0.004637487273629583,0.0038996580102277794,16.42107749124708,0.5477366744785184,0.45893719806763283,"['RBV_d', 'RBV_w', 'RBV_m', 'IV_d']","{'RBV_d': 0.03549562577678375, 'RBV_w': 0.09903241847626387, 'RBV_m': 0.24471440717396192, 'IV_d': 0.18776900099199273}",-2.154269260967104,y_22d
10min_HAR-RV-IV-Full,HAR-RV-IV-Full,10min,22d,6,829,208,2021-08-19,2025-01-09,2025-01-10,2025-11-14,0.40882692676384325,1.4200989593763074e-05,0.0037684200394546086,0.0027712912043650717,11.509572147859371,0.4420289855072464,0.315599547579692,2.153100617056183e-05,0.004640151524526094,0.003926150888367199,16.61497283081134,0.5464267736574872,0.45893719806763283,"['RV_d', 'RV_w', 'RV_m', 'IV_d', 'IV_w', 'IV_m']","{'RV_d': 0.04525623597800249, 'RV_w': 0.098251646073449, 'RV_m': 0.2140116585635855, 'IV_d': 0.10503359170457914, 'IV_w': 0.05243476124827495, 'IV_m': 0.06321072989504221}",-2.2342942455869252,y_22d
10min_HAR-RBV-IV-Full,HAR-RBV-IV-Full,10min,22d,6,829,208,2021-08-19,2025-01-09,2025-01-10,2025-11-14,0.3949018107398812,1.4535517955686786e-05,0.0038125474365162705,0.0027916142605338857,11.592007977129592,0.44082125603864736,0.3107712452723451,2.1732222227289462e-05,0.004661783159617086,0.003954380543139203,16.71768723620855,0.5404745433478596,0.47342995169082125,"['RBV_d', 'RBV_w', 'RBV_m', 'IV_d', 'IV_w', 'IV_m']","{'RBV_d': 0.04192108202633126, 'RBV_w': 0.09664881105933895, 'RBV_m': 0.1893845213424163, 'IV_d': 0.10592273261199345, 'IV_w': 0.05955052622381589, 'IV_m': 0.07270303117969913}",-2.310729125022795,y_22d
10min_HAR-CJ-RBV-IV,HAR-CJ-RBV-IV,10min,22d,6,829,208,2021-08-19,2025-01-09,2025-01-10,2025-11-14,0.3995379269746395,1.4526112110952266e-05,0.0038113136988382713,0.002807727425659383,11.642142208559893,0.45410628019323673,0.28521063053213336,2.2904990679169605e-05,0.00478591586628616,0.004026361594183952,16.90018439429949,0.5076056537086837,0.4830917874396135,"['C_RBV_d', 'C_RBV_w', 'C_RBV_m', 'J_RBV_d', 'J_RBV_w', 'IV_d']","{'C_RBV_d': 0.03480029636874299, 'C_RBV_w': 0.0405857406086102, 'C_RBV_m': 0.2600906772634935, 'J_RBV_d': 0.5893201089034105, 'J_RBV_w': 5.643506675274323, 'IV_d': 0.18172874692501728}",-2.3715300307704883,y_22d
30min_HAR-RV,HAR-RV,30min,1d,3,908,228,2021-03-23,2024-12-09,2024-12-10,2025-11-14,0.23261420034417857,8.683985572328424e-05,0.009318790464608819,0.006341909088170536,31.613530062464037,0.4762954796030871,0.1905656976486948,0.00013684721879414055,0.011698171600474176,0.007781194598420276,33.93163723390562,0.36261349434325907,0.5022026431718062,"['RV_d', 'RV_w', 'RV_m']","{'RV_d': 0.15611637542134205, 'RV_w': 0.2750615358334007, 'RV_m': 0.3301901248233038}",-0.9324363581440225,y_1d
30min_HAR-RBV,HAR-RBV,30min,1d,3,908,228,2021-03-23,2024-12-09,2024-12-10,2025-11-14,0.22158248649043966,8.860515608459876e-05,0.009413031184724651,0.006398898288853272,31.873722021611044,0.4961411245865491,0.1738669453096634,0.0001392201153619367,0.011799157400506898,0.007805471965852229,33.784644873052365,0.3547315174210081,0.4845814977973568,"['RBV_d', 'RBV_w', 'RBV_m']","{'RBV_d': 0.15446232189018727, 'RBV_w': 0.23268753113047325, 'RBV_m': 0.3658585879882187}",-0.8763080186699135,y_1d
30min_HAR-TRBV,HAR-TRBV,30min,1d,3,908,228,2021-03-23,2024-12-09,2024-12-10,2025-11-14,0.22158248649043966,8.860515608459876e-05,0.009413031184724651,0.006398898288853272,31.873722021611044,0.4961411245865491,0.1738669453096634,0.0001392201153619367,0.011799157400506898,0.007805471965852229,33.784644873052365,0.3547315174210081,0.4845814977973568,"['TRBV_d', 'TRBV_w', 'TRBV_m']","{'TRBV_d': 0.15446232189018727, 'TRBV_w': 0.23268753113047325, 'TRBV_m': 0.3658585879882187}",-0.8763080186699135,y_1d
30min_HAR-CJ-RBV,HAR-CJ-RBV,30min,1d,5,908,228,2021-03-23,2024-12-09,2024-12-10,2025-11-14,0.23436431592638962,8.558143217714554e-05,0.00925102330432399,0.006323515570362274,31.565685944536543,0.49503858875413453,0.1960155776152015,0.000136008820198148,0.011662281946435182,0.007728916040716402,33.537123591054815,0.3763212128367991,0.5066079295154186,"['C_RBV_d', 'C_RBV_w', 'C_RBV_m', 'J_RBV_d', 'J_RBV_w']","{'C_RBV_d': 0.15113597141409013, 'C_RBV_w': 0.1693252614270842, 'C_RBV_m': 0.3296983771330062, 'J_RBV_d': 1.6374627482871276, 'J_RBV_w': 9.731016559076423}",-1.382724636892668,y_1d
30min_HAR-TCJ-RBV,HAR-TCJ-RBV,30min,1d,5,908,228,2021-03-23,2024-12-09,2024-12-10,2025-11-14,0.23436431592638962,8.558143217714554e-05,0.00925102330432399,0.006323515570362274,31.565685944536543,0.49503858875413453,0.1960155776152015,0.000136008820198148,0.011662281946435182,0.007728916040716402,33.537123591054815,0.3763212128367991,0.5066079295154186,"['C_TRBV_d', 'C_TRBV_w', 'C_TRBV_m', 'J_TRBV_d', 'J_TRBV_w']","{'C_TRBV_d': 0.15113597141409013, 'C_TRBV_w': 0.1693252614270842, 'C_TRBV_m': 0.3296983771330062, 'J_TRBV_d': 1.6374627482871276, 'J_TRBV_w': 9.731016559076423}",-1.382724636892668,y_1d
30min_HAR-RV-IV,HAR-RV-IV,30min,1d,4,908,228,2021-03-23,2024-12-09,2024-12-10,2025-11-14,0.2433742242886272,8.533241098635174e-05,0.009237554383404286,0.006314205915148737,31.486722681159506,0.4564498346196251,0.2108989010952007,0.00013250076885797533,0.0115108978302292,0.007725492369912937,34.10849111285075,0.39190615605288387,0.44933920704845814,"['RV_d', 'RV_w', 'RV_m', 'IV_d']","{'RV_d': 0.1454977617057757, 'RV_w': 0.24471069632176917, 'RV_m': 0.2552432673065672, 'IV_d': 0.1724834718767746}",-1.2460206777097436,y_1d
30min_HAR-RBV-IV,HAR-RBV-IV,30min,1d,4,908,228,2021-03-23,2024-12-09,2024-12-10,2025-11-14,0.23527117205479542,8.672467771805854e-05,0.009312608534565303,0.006367932080060735,31.733281440308602,0.4906284454244763,0.20174364707732428,0.00013383104060423596,0.011568536666503502,0.007736691871300217,33.95791088351352,0.38835770595194574,0.4713656387665198,"['RBV_d', 'RBV_w', 'RBV_m', 'IV_d']","{'RBV_d': 0.14432164239088377, 'RBV_w': 0.19532639455743178, 'RBV_m': 0.28728716813048577, 'IV_d': 0.192371719553452}",-1.2283583623597552,y_1d
30min_HAR-RV-IV-Full,HAR-RV-IV-Full,30min,1d,6,908,228,2021-03-23,2024-12-09,2024-12-10,2025-11-14,0.24457974938940286,8.545114545835e-05,0.00924397887591431,0.006311849446755138,31.46163809099563,0.46306504961411243,0.21597163767244776,0.0001323111498972441,0.011502658383923435,0.007728334712117096,34.01915465198766,0.39344983347827617,0.4581497797356828,"['RV_d', 'RV_w', 'RV_m', 'IV_d', 'IV_w', 'IV_m']","{'RV_d': 0.14705838323199916, 'RV_w': 0.2198881940014738, 'RV_m': 0.29417759361512735, 'IV_d': 0.1215010457287439, 'IV_w': 0.15351743646397492, 'IV_m': -0.1253973361807378}",-1.2033562652319838,y_1d
30min_HAR-RBV-IV-Full,HAR-RBV-IV-Full,30min,1d,6,908,228,2021-03-23,2024-12-09,2024-12-10,2025-11-14,0.23643265946699865,8.678156679623018e-05,0.009315662445378223,0.006364999196203899,31.71285119944798,0.48732083792723263,0.20603710091938865,0.0001336872964270498,0.011562322276560613,0.007742818411116001,33.910819197396684,0.3893763852808875,0.4845814977973568,"['RBV_d', 'RBV_w', 'RBV_m', 'IV_d', 'IV_w', 'IV_m']","{'RBV_d': 0.1472109176882261, 'RBV_w': 0.17188656715098805, 'RBV_m': 0.3111588789858853, 'IV_d': 0.11601590765624098, 'IV_w': 0.16853945116203958, 'IV_m': -0.0990218304780245}",-1.2206169745429958,y_1d
30min_HAR-CJ-RBV-IV,HAR-CJ-RBV-IV,30min,1d,6,908,228,2021-03-23,2024-12-09,2024-12-10,2025-11-14,0.24593329847889922,8.409409538802224e-05,0.009170283277414185,0.00629678314232783,31.443654494551332,0.4796030871003308,0.21715796745841676,0.00013151484278505995,0.01146799209910174,0.007674136856318493,33.75209537554702,0.4038618159025996,0.47577092511013214,"['C_RBV_d', 'C_RBV_w', 'C_RBV_m', 'J_RBV_d', 'J_RBV_w', 'IV_d']","{'C_RBV_d': 0.14204509239933424, 'C_RBV_w': 0.14014043764191725, 'C_RBV_m': 0.2602102908461594, 'J_RBV_d': 1.5087887313661548, 'J_RBV_w': 8.91161240040981, 'IV_d': 0.1775261113501726}",-1.6653615728281186,y_1d
30min_HAR-RV,HAR-RV,30min,5d,3,908,228,2021-03-23,2024-12-09,2024-12-10,2025-11-14,0.350419683512988,3.707313567720367e-05,0.0060887712781154514,0.004290176393502229,20.244264899114146,0.4796030871003308,0.3220233260521651,4.2967923262294827e-05,0.006554992239682273,0.004684268891039115,20.796677089981923,0.4804460881038821,0.5022026431718062,"['RV_d', 'RV_w', 'RV_m']","{'RV_d': 0.09828669856504896, 'RV_w': 0.24611520738636072, 'RV_m': 0.3521871417040383}",-1.185184641447842,y_5d
30min_HAR-RBV,HAR-RBV,30min,5d,3,908,228,2021-03-23,2024-12-09,2024-12-10,2025-11-14,0.33330340611120646,3.77375965349425e-05,0.006143093401124754,0.004346691695239335,20.582472422279686,0.4829106945975744,0.30057300048163216,4.4423215204181e-05,0.00666507428347059,0.004760997125488819,20.919128100592452,0.46879539533055614,0.4889867841409692,"['RBV_d', 'RBV_w', 'RBV_m']","{'RBV_d': 0.077632000580243, 'RBV_w': 0.2450349415610812, 'RBV_m': 0.3655739171978236}",-1.1366513865841759,y_5d
30min_HAR-TRBV,HAR-TRBV,30min,5d,3,908,228,2021-03-23,2024-12-09,2024-12-10,2025-11-14,0.33330340611120646,3.77375965349425e-05,0.006143093401124754,0.004346691695239335,20.582472422279686,0.4829106945975744,0.30057300048163216,4.4423215204181e-05,0.00666507428347059,0.004760997125488819,20.919128100592452,0.46879539533055614,0.4889867841409692,"['TRBV_d', 'TRBV_w', 'TRBV_m']","{'TRBV_d': 0.077632000580243, 'TRBV_w': 0.2450349415610812, 'TRBV_m': 0.3655739171978236}",-1.1366513865841759,y_5d
30min_HAR-CJ-RBV,HAR-CJ-RBV,30min,5d,5,908,228,2021-03-23,2024-12-09,2024-12-10,2025-11-14,0.3474843412297025,3.6459229619248086e-05,0.006038147863314386,0.004309668914271694,20.416881033794233,0.49393605292171994,0.3253882406472971,4.297777196300412e-05,0.006555743433280784,0.004676994239236431,20.55504021738411,0.4885382845078484,0.5330396475770925,"['C_RBV_d', 'C_RBV_w', 'C_RBV_m', 'J_RBV_d', 'J_RBV_w']","{'C_RBV_d': 0.0732791710557383, 'C_RBV_w': 0.20321899141833166, 'C_RBV_m': 0.3415363097419364, 'J_RBV_d': 2.7255318840281446, 'J_RBV_w': 5.1037303154837845}",-1.4829016470426901,y_5d
30min_HAR-TCJ-RBV,HAR-TCJ-RBV,30min,5d,5,908,228,2021-03-23,2024-12-09,2024-12-10,2025-11-14,0.3474843412297025,3.6459229619248086e-05,0.006038147863314386,0.004309668914271694,20.416881033794233,0.49393605292171994,0.3253882406472971,4.297777196300412e-05,0.006555743433280784,0.004676994239236431,20.55504021738411,0.4885382845078484,0.5330396475770925,"['C_TRBV_d', 'C_TRBV_w', 'C_TRBV_m', 'J_TRBV_d', 'J_TRBV_w']","{'C_TRBV_d': 0.0732791710557383, 'C_TRBV_w': 0.20321899141833166, 'C_TRBV_m': 0.3415363097419364, 'J_TRBV_d': 2.7255318840281446, 'J_TRBV_w': 5.1037303154837845}",-1.4829016470426901,y_5d
30min_HAR-RV-IV,HAR-RV-IV,30min,5d,4,908,228,2021-03-23,2024-12-09,2024-12-10,2025-11-14,0.3774280219670335,3.538061714851139e-05,0.005948160820666451,0.00425307516947652,20.148665969308098,0.4696802646085998,0.36346750926438864,4.024348552659524e-05,0.006343775337020948,0.0045903879916653,20.637191281101288,0.5176719566602475,0.4889867841409692,"['RV_d', 'RV_w', 'RV_m', 'IV_d']","{'RV_d': 0.08612773142211896, 'RV_w': 0.21136162558487925, 'RV_m': 0.26636837077766384, 'IV_d': 0.19750420567364163}",-1.5442580139492055,y_5d
30min_HAR-RBV-IV,HAR-RBV-IV,30min,5d,4,908,228,2021-03-23,2024-12-09,2024-12-10,2025-11-14,0.3658688528090419,3.575152343437832e-05,0.005979257766176193,0.004302014766592935,20.43938364767493,0.4652701212789416,0.3553318703218149,4.0948950093616826e-05,0.006399136667833937,0.004645660256602663,20.713756657443135,0.5119260096354123,0.47577092511013214,"['RBV_d', 'RBV_w', 'RBV_m', 'IV_d']","{'RBV_d': 0.06632750337814043, 'RBV_w': 0.20338597081051923, 'RBV_m': 0.27798507307668135, 'IV_d': 0.2144496890573253}",-1.5291055732601642,y_5d
30min_HAR-RV-IV-Full,HAR-RV-IV-Full,30min,5d,6,908,228,2021-03-23,2024-12-09,2024-12-10,2025-11-14,0.38427397930303364,3.541175813761835e-05,0.005950777943900977,0.004262234558877249,20.14416632155523,0.474090407938258,0.37368223457457406,3.9921156891365865e-05,0.006318319150799986,0.00457210324893605,20.489629531356723,0.5232925862679522,0.4845814977973568,"['RV_d', 'RV_w', 'RV_m', 'IV_d', 'IV_w', 'IV_m']","{'RV_d': 0.08994209890396274, 'RV_w': 0.1699357086144489, 'RV_m': 0.31934103983645146, 'IV_d': 0.07954757728817004, 'IV_w': 0.286726907011436, 'IV_m': -0.19253972240759212}",-1.503609681975759,y_5d
30min_HAR-RBV-IV-Full,HAR-RBV-IV-Full,30min,5d,6,908,228,2021-03-23,2024-12-09,2024-12-10,2025-11-14,0.3721269787900642,3.576618943829516e-05,0.005980484047156648,0.004309850811548834,20.43348798696147,0.4663726571113561,0.36243818527607075,4.0659778722058284e-05,0.0063765020757511155,0.004638689649676222,20.66416367020867,0.5168019491876712,0.4669603524229075,"['RBV_d', 'RBV_w', 'RBV_m', 'IV_d', 'IV_w', 'IV_m']","{'RBV_d': 0.07132482319755053, 'RBV_w': 0.16467011561571543, 'RBV_m': 0.3154663099352897, 'IV_d': 0.08249576474076012, 'IV_w': 0.2839843060444327, 'IV_m': -0.160992647434352}",-1.5213691596485872,y_5d
30min_HAR-CJ-RBV-IV,HAR-CJ-RBV-IV,30min,5d,6,908,228,2021-03-23,2024-12-09,2024-12-10,2025-11-14,0.3767928948521595,3.4696582455749025e-05,0.005890380501779917,0.004267215244827976,20.27968208086347,0.4884233737596472,0.3696418929403267,4.0105350205770724e-05,0.0063328785086855036,0.004577669393274032,20.413868422188926,0.5239958339987532,0.4933920704845815,"['C_RBV_d', 'C_RBV_w', 'C_RBV_m', 'J_RBV_d', 'J_RBV_w', 'IV_d']","{'C_RBV_d': 0.06282133002050161, 'C_RBV_w': 0.16964575308887359, 'C_RBV_m': 0.26159955565565796, 'J_RBV_d': 2.577509628739, 'J_RBV_w': 4.161115369114125, 'IV_d': 0.20422005936833737}",-1.808037658852069,y_5d
30min_HAR-RV,HAR-RV,30min,22d,3,908,228,2021-03-23,2024-12-09,2024-12-10,2025-11-14,0.35367206972327425,1.9597072013354456e-05,0.0044268580295006585,0.003240939968362642,15.56583086823376,0.4410143329658214,0.31023532010819554,1.8444199464410146e-05,0.004294671054272975,0.003417828053177657,16.80151950021046,0.5292075376280434,0.4977973568281938,"['RV_d', 'RV_w', 'RV_m']","{'RV_d': 0.056935577432952945, 'RV_w': 0.16629234078143335, 'RV_m': 0.3408250504179242}",-1.695980125468259,y_22d
30min_HAR-RBV,HAR-RBV,30min,22d,3,908,228,2021-03-23,2024-12-09,2024-12-10,2025-11-14,0.33099706269568674,1.9960395148358267e-05,0.004467705803693689,0.003293649486567087,15.890128618012811,0.4564498346196251,0.2708558924267208,1.9630959877371326e-05,0.004430683906280308,0.003514997370326824,17.12579916112954,0.5026726015990998,0.4933920704845815,"['RBV_d', 'RBV_w', 'RBV_m']","{'RBV_d': 0.04862162568629142, 'RBV_w': 0.16512141030752675, 'RBV_m': 0.33596438328035144}",-1.6873059630377574,y_22d
30min_HAR-TRBV,HAR-TRBV,30min,22d,3,908,228,2021-03-23,2024-12-09,2024-12-10,2025-11-14,0.33099706269568674,1.9960395148358267e-05,0.004467705803693689,0.003293649486567087,15.890128618012811,0.4564498346196251,0.2708558924267208,1.9630959877371326e-05,0.004430683906280308,0.003514997370326824,17.12579916112954,0.5026726015990998,0.4933920704845815,"['TRBV_d', 'TRBV_w', 'TRBV_m']","{'TRBV_d': 0.04862162568629142, 'TRBV_w': 0.16512141030752675, 'TRBV_m': 0.33596438328035144}",-1.6873059630377574,y_22d
30min_HAR-CJ-RBV,HAR-CJ-RBV,30min,22d,5,908,228,2021-03-23,2024-12-09,2024-12-10,2025-11-14,0.34240826454888873,1.9884575553530133e-05,0.004459212436465674,0.003291285826343389,15.795777691302504,0.4619625137816979,0.28841654737872957,1.907440067368296e-05,0.004367424947687477,0.003497746257530113,17.05498331862358,0.5158322422769336,0.5198237885462555,"['C_RBV_d', 'C_RBV_w', 'C_RBV_m', 'J_RBV_d', 'J_RBV_w']","{'C_RBV_d': 0.04666443281745398, 'C_RBV_w': 0.13163427356942564, 'C_RBV_m': 0.31683757658844897, 'J_RBV_d': 1.0172729412940236, 'J_RBV_w': 5.021157339509433}",-1.9560602335263884,y_22d
30min_HAR-TCJ-RBV,HAR-TCJ-RBV,30min,22d,5,908,228,2021-03-23,2024-12-09,2024-12-10,2025-11-14,0.34240826454888873,1.9884575553530133e-05,0.004459212436465674,0.003291285826343389,15.795777691302504,0.4619625137816979,0.28841654737872957,1.907440067368296e-05,0.004367424947687477,0.003497746257530113,17.05498331862358,0.5158322422769336,0.5198237885462555,"['C_TRBV_d', 'C_TRBV_w', 'C_TRBV_m', 'J_TRBV_d', 'J_TRBV_w']","{'C_TRBV_d': 0.04666443281745398, 'C_TRBV_w': 0.13163427356942564, 'C_TRBV_m': 0.31683757658844897, 'J_TRBV_d': 1.0172729412940236, 'J_TRBV_w': 5.021157339509433}",-1.9560602335263884,y_22d
30min_HAR-RV-IV,HAR-RV-IV,30min,22d,4,908,228,2021-03-23,2024-12-09,2024-12-10,2025-11-14,0.38400986296738004,1.8314814272389995e-05,0.004279581086086581,0.003175464347626664,15.37258124029221,0.4487320837927233,0.33231437564147914,1.752212108991491e-05,0.004185943273614074,0.0033535378548268414,16.831121601160596,0.551852821756273,0.5022026431718062,"['RV_d', 'RV_w', 'RV_m', 'IV_d']","{'RV_d': 0.04683309344690087, 'RV_w': 0.1374167381516847, 'RV_m': 0.2695210696772172, 'IV_d': 0.16409971764387027}",-1.9943223245112103,y_22d
30min_HAR-RBV-IV,HAR-RBV-IV,30min,22d,4,908,228,2021-03-23,2024-12-09,2024-12-10,2025-11-14,0.3688737919004694,1.844898033248126e-05,0.00429522762289512,0.0032049763703620657,15.580917770920777,0.4487320837927233,0.30790988199136626,1.825849185433427e-05,0.004272995653442005,0.0034337918377569453,17.136149542935005,0.5321503605903531,0.4845814977973568,"['RBV_d', 'RBV_w', 'RBV_m', 'IV_d']","{'RBV_d': 0.03906405780530443, 'RBV_w': 0.12990862215736482, 'RBV_m': 0.26191099476261187, 'IV_d': 0.1813099179537782}",-2.019112629205593,y_22d
30min_HAR-RV-IV-Full,HAR-RV-IV-Full,30min,22d,6,908,228,2021-03-23,2024-12-09,2024-12-10,2025-11-14,0.3865297066823813,1.814864323998239e-05,0.004260122444247629,0.003151777886571911,15.278544928875116,0.4476295479603087,0.31043298548298337,1.806710267173399e-05,0.004250541456301066,0.0034193325061694134,17.21839959841575,0.5318344587757533,0.5066079295154186,"['RV_d', 'RV_w', 'RV_m', 'IV_d', 'IV_w', 'IV_m']","{'RV_d': 0.048116628135421446, 'RV_w': 0.1514744424059123, 'RV_m': 0.22596697140756397, 'IV_d': 0.13408419480953512, 'IV_w': -0.03226089887474508, 'IV_m': 0.100993616933794}",-2.0732183368728654,y_22d
30min_HAR-RBV-IV-Full,HAR-RBV-IV-Full,30min,22d,6,908,228,2021-03-23,2024-12-09,2024-12-10,2025-11-14,0.3736802336989179,1.818472736209873e-05,0.004264355445093518,0.003167732651832624,15.435892395783304,0.4531422271223815,0.27963940327388714,1.898616056143639e-05,0.004357311161879123,0.003514986822942851,17.623271612590173,0.5044420209134072,0.5022026431718062,"['RBV_d', 'RBV_w', 'RBV_m', 'IV_d', 'IV_w', 'IV_m']","{'RBV_d': 0.04090984600938867, 'RBV_w': 0.1504174223199884, 'RBV_m': 0.20316921845367641, 'IV_d': 0.1347044942449979, 'IV_w': -0.03853017778790678, 'IV_m': 0.1364457449912072}",-2.1240259653325437,y_22d
30min_HAR-CJ-RBV-IV,HAR-CJ-RBV-IV,30min,22d,6,908,228,2021-03-23,2024-12-09,2024-12-10,2025-11-14,0.3770162348150682,1.8445733211907805e-05,0.004294849614585801,0.003202300316528917,15.491730263195565,0.46085997794928335,0.316599029524977,1.7989473488305753e-05,0.0042413999443940385,0.0034228563873856823,17.083026713577222,0.5392917672966488,0.5022026431718062,"['C_RBV_d', 'C_RBV_w', 'C_RBV_m', 'J_RBV_d', 'J_RBV_w', 'IV_d']","{'C_RBV_d': 0.03775558924999381, 'C_RBV_w': 0.10303384568737883, 'C_RBV_m': 0.24874091734055334, 'J_RBV_d': 0.8911754884421047, 'J_RBV_w': 4.21816090140504, 'IV_d': 0.1739713346301342}",-2.233037657221952,y_22d
